INSERT INTO users (email, user_name, password, role, status, img_url, dob, address)
VALUES ('nigga@gmail.com', 'nigga', 'nigga', 'admin', 'active', 'img_url', '2005-05-19', 'nigeria');
// PASSWORD IS NOT HASHED

INSERT INTO industries VALUES 
('AER', 'Aerospace'),
('AUT', 'Automotive'),
('APF', 'Apparel & Footwear'),
('CHE', 'Chemicals'),
('COS', 'Cosmetics'),
('ELC', 'Electronics'),
('FOB', 'Food & Beverages'),
('FUR', 'Furniture'),
('IME', 'Industrial Machinery & Equipment'),
('JRY', 'Jewelry'),
('LAP', 'Labels & Packaging'),
('MED', 'Medical & Pharmaceuticals'),
('MET', 'Metal Work & Fabrication');

INSERT INTO job_functions
VALUES ('ACC', 'Accounting'),
       ('AOS', 'Administration & Office Support'),
       ('ADM', 'Advertising, Arts & MediaPage'),
       ('BAF', 'Banking & Financial Services'),
       ('CCS', 'Call Center & Customer Services'),
       ('CEO', 'CEO & General Management'),
       ('COM', 'Community Services & Development'),
       ('CON', 'Construction'),
       ('COS', 'Consulting & Strategy'),
       ('DEA', 'Design & Architecture'),
       ('EDU', 'Education & Training'),
       ('ENG', 'Engineering'),
       ('FAR', 'Farming, Animals & Conservation'),
       ('GOV', 'Government & Defense'),
       ('HEM', 'Healthcare & Medical'),
       ('HOT', 'Hospitality & Tourism'),
       ('HRR', 'Human Resources & Recruitment'),
       ('ICT', 'Information & Communication Technology'),
       ('INS', 'Insurance & Superannuation'),
       ('LEG', 'Legal'),
       ('MTL', 'Manufacturing, Transport & Logistics'),
       ('MAC', 'Marketing & Communications'),
       ('MRE', 'Mining, Resources & Energy'),
       ('RES', 'Real Estate & Property'),
       ('RET', 'Retail & Consumer Products'),
       ('SAL', 'Sales'),
       ('SCT', 'Science & Technology'),
       ('SEM', 'Self Employment'),
       ('SPR', 'Sport & Recreation'),
       ('TRS', 'Trades & Services');

INSERT INTO job_subfunctions
VALUES
-- Accounting
('AOC', 'Accounts Officers/Clerks', 'ACC'),
('ACP', 'Accounts Payable', 'ACC'),
('ARC', 'Accounts Receivable/Credit Control', 'ACC'),
('ANR', 'Analysis & Reporting', 'ACC'),
('ASS', 'Assistant Accountants', 'ACC'),
('AUE', 'Audit - External', 'ACC'),
('AUI', 'Audit - Internal', 'ACC'),
('BKA', 'Bookkeeping & Small Practice Accounting', 'ACC'),
('BSA', 'Business Services & Corporate Advisory', 'ACC'),
('COS', 'Company Secretaries', 'ACC'),
('COR', 'Compliance & Risk', 'ACC'),
('COA', 'Cost Accounting', 'ACC'),
('FAR', 'Financial Accounting & Reporting', 'ACC'),
('FMC', 'Financial Managers & Controllers', 'ACC'),
('FOR', 'Forensic Accounting & Investigation', 'ACC'),
('ICR', 'Insolvency & Corporate Recovery', 'ACC'),
('INV', 'Inventory & Fixed Assets', 'ACC'),
('MGT', 'Management', 'ACC'),
('MAB', 'Management Accounting & Budgeting', 'ACC'),
('PRL', 'Payroll', 'ACC'),
('STP', 'Strategy & Planning', 'ACC'),
('SIT', 'Systems Accounting & IT Audit', 'ACC'),
('TAX', 'Taxation', 'ACC'),
('TRS', 'Treasury', 'ACC'),
('OTR', 'Others', 'ACC'),

-- Administration & Office Support
('ADA', 'Administrative Assistants', 'AOS'),
('CSA', 'Client & Sales Administration', 'AOS'),
('COA', 'Contracts Administration', 'AOS'),
('DEP', 'Data Entry & Word Processing', 'AOS'),
('OFM', 'Office Management', 'AOS'),
('PES', 'PA, EA & Secretarial', 'AOS'),
('RCP', 'Receptionists', 'AOS'),
('RDC', 'Records Management & Document Control', 'AOS'),
('OTR', 'Others', 'AOS'),

-- Advertising, Arts & MediaPage
('AAM', 'Agency Account Management', 'ADM'),
('ARD', 'Art Direction', 'ADM'),
('EDP', 'Editing & Publishing', 'ADM'),
('EVM', 'Event Management', 'ADM'),
('JOW', 'Journalism & Writing', 'ADM'),
('MGT', 'Management', 'ADM'),
('MES', 'MediaPage Strategy, Planning & Buying', 'ADM'),
('PEA', 'Performing Arts', 'ADM'),
('PHO', 'Photography', 'ADM'),
('PRP', 'Programming & Production', 'ADM'),
('PRM', 'Promotions', 'ADM'),
('OTR', 'Others', 'ADM'),

-- Banking & Financial Services
('ARM', 'Account & Relationship Management', 'BAF'),
('ANR', 'Analysis & Reporting', 'BAF'),
('BAB', 'Banking - Business', 'BAF'),
('BAC', 'Banking - Corporate & Institutional', 'BAF'),
('BAR', 'Banking - Retail/Branch', 'BAF'),
('CLS', 'Client Services', 'BAF'),
('COR', 'Compliance & Risk', 'BAF'),
('COF', 'Corporate Finance & Investment Banking', 'BAF'),
('CRE', 'Credit', 'BAF'),
('FIP', 'Financial Planning', 'BAF'),
('FUM', 'Funds Management', 'BAF'),
('MGT', 'Management', 'BAF'),
('MRG', 'Mortgages', 'BAF'),
('STL', 'Settlements', 'BAF'),
('STT', 'Stockbroking & Trading', 'BAF'),
('TRS', 'Treasury', 'BAF'),
('OTR', 'Others', 'BAF'),

-- Call Center & Customer Services
('COL', 'Collections', 'CCS'),
('CCC', 'Customer Service - Call Centre', 'CCS'),
('CCF', 'Customer Service - Customer Facing', 'CCS'),
('MGS', 'Management & Support', 'CCS'),
('SAI', 'Sales - Inbound', 'CCS'),
('SAO', 'Sales - Outbound', 'CCS'),
('SUT', 'Supervisors/Team Leaders', 'CCS'),
('OTR', 'Others', 'CCS'),

-- CEO & General Management
('BRD', 'Board Appointments', 'CEO'),
('CEO', 'CEO', 'CEO'),
('COO', 'COO & MD', 'CEO'),
('GBM', 'General/Business Unit Manager', 'CEO'),
('OTR', 'Others', 'CEO'),

-- Community Services & Development
('ADS', 'Aged & Disability Support', 'COM'),
('CWY', 'Child Welfare, Youth & Family Services', 'COM'),
('COD', 'Community Development', 'COM'),
('EMS', 'Employment Services', 'COM'),
('FND', 'Fundraising', 'COM'),
('HOH', 'Housing & Homelessness Services', 'COM'),
('INM', 'Indigenous & Multicultural Services', 'COM'),
('MGT', 'Management', 'COM'),
('VCS', 'Volunteer Coordination & Support', 'COM'),
('PRE', 'Others', 'COM'),

-- Construction
('COM', 'Contracts Management', 'CON'),
('EST', 'Estimating', 'CON'),
('FOS', 'Foreperson/Supervisors', 'CON'),
('HSE', 'Health, Safety & Environment', 'CON'),
('MGT', 'Management', 'CON'),
('PLS', 'Planning & Scheduling', 'CON'),
('PMO', 'Plant & Machinery Operators', 'CON'),
('PRM', 'Project Management', 'CON'),
('QAC', 'Quality Assurance & Control', 'CON'),
('SVY', 'Surveying', 'CON'),
('OTR', 'Others', 'CON'),

-- Consulting & Strategy
('ANL', 'Analysts', 'COS'),
('COD', 'Corporate Development', 'COS'),
('ESC', 'Environment & Sustainability Consulting', 'COS'),
('MCC', 'Management & Change Consulting', 'COS'),
('PLC', 'Policy', 'COS'),
('STP', 'Strategy & Planning', 'COS'),
('OTR', 'Others', 'COS'),

-- Design & Architecture
('ARD', 'Architectural Drafting', 'DEA'),
('ARC', 'Architecture', 'DEA'),
('FTD', 'Fashion & Textile Design', 'DEA'),
('GRD', 'Graphic Design', 'DEA'),
('ILA', 'Illustration & Animation', 'DEA'),
('IND', 'Industrial Design', 'DEA'),
('ITR', 'Interior Design', 'DEA'),
('LAA', 'Landscape Architecture', 'DEA'),
('UDP', 'Urban Design & Planning', 'DEA'),
('WID', 'Web & Interaction Design', 'DEA'),
('OTR', 'Others', 'DEA'),

-- Education & Training
('COC', 'Childcare & Outside School Hours Care', 'EDU'),
('LIB', 'Library Services & Information Management', 'EDU'),
('MGS', 'Management - Schools', 'EDU'),
('MGU', 'Management - Universities', 'EDU'),
('MGV', 'Management - Vocational', 'EDU'),
('REF', 'Research & Fellowships', 'EDU'),
('STS', 'Student Services', 'EDU'),
('TEC', 'Teaching - Early Childhood', 'EDU'),
('TEP', 'Teaching - Primary', 'EDU'),
('TES', 'Teaching - Secondary', 'EDU'),
('TET', 'Teaching - Tertiary', 'EDU'),
('TEV', 'Teaching - Vocational', 'EDU'),
('TEA', 'Teaching Aides & Special Needs', 'EDU'),
('TUT', 'Tutoring', 'EDU'),
('WTA', 'Workplace Training & Assessment', 'EDU'),
('OTR', 'Others', 'EDU'),

-- Engineers
('PRE', 'Process Engineering', 'ENG'),
('MAE', 'Maintainence Engineering', 'ENG'),
('PRJ', 'Project Engineering', 'ENG'),
('PRO', 'Program Engineering', 'ENG'),
('COI', 'Continuous Improvement', 'ENG'),
('LEE', 'LEAN Engineering', 'ENG'),
('DEE', 'Design Engineering', 'ENG'),
('MAN', 'Manufacturing Engineering', 'ENG'),

-- Farming, Animals & Conservation
('AGF', 'Agronomy & Farm Services', 'FAR'),
('CPW', 'Conservation, Parks & Wildlife', 'FAR'),
('FAL', 'Farm Labour', 'FAR'),
('FAM', 'Farm Management', 'FAR'),
('FIA', 'Fishing & Aquaculture', 'FAR'),
('HOR', 'Horticulture', 'FAR'),
('VAW', 'Veterinary Services & Animal Welfare', 'FAR'),
('WIV', 'Winery & Viticulture', 'FAR'),
('OTR', 'Others', 'FAR'),

-- Government & Defense
('AIR', 'Air Force', 'GOV'),
('ARM', 'Army', 'GOV'),
('EMS', 'Emergency Services', 'GOV'),
('GOF', 'Government - Federal', 'GOV'),
('GOL', 'Government - Local', 'GOV'),
('GOS', 'Government - State', 'GOV'),
('NAV', 'Navy', 'GOV'),
('POC', 'Police & Corrections', 'GOV'),
('PPR', 'Policy, Planning & Regulation', 'GOV'),
('OTR', 'Others', 'GOV'),

-- Healthcare & Medical
('AMP', 'Ambulance/Paramedics', 'HEM'),
('CHO', 'Chiropractic & Osteopathic', 'HEM'),
('CLR', 'Clinical/Medical Research', 'HEM'),
('DEN', 'Dental', 'HEM'),
('DIT', 'Dieticians', 'HEM'),
('ENV', 'Environmental Services', 'HEM'),
('GEP', 'General Practitioners', 'HEM'),
('MGT', 'Management', 'HEM'),
('MEA', 'Medical Administration', 'HEM'),
('MEI', 'Medical Imaging', 'HEM'),
('MES', 'Medical Specialists', 'HEM'),
('NAM', 'Natural Therapies & Alternative Medicine', 'HEM'),
('NAE', 'Nursing - A&E, Critical Care & ICU', 'HEM'),
('NAC', 'Nursing - Aged Care', 'HEM'),
('NCM', 'Nursing - Community, Maternal & Child Health', 'HEM'),
('NEF', 'Nursing - Educators & Facilitators', 'HEM'),
('NGM', 'Nursing - General Medical & Surgical', 'HEM'),
('NHA', 'Nursing - High Acuity', 'HEM'),
('NMG', 'Nursing - Management', 'HEM'),
('NMN', 'Nursing - Midwifery, Neo-Natal, SCN & NICU', 'HEM'),
('NPP', 'Nursing - Paediatric & PICU', 'HEM'),
('NPF', 'Nursing - Psych, Forensic & Correctional Health', 'HEM'),
('NTR', 'Nursing - Theatre & Recovery', 'HEM'),
('OPT', 'Optical', 'HEM'),
('PTH', 'Pathology', 'HEM'),
('PMD', 'Pharmaceuticals & Medical Devices', 'HEM'),
('PHR', 'Pharmacy', 'HEM'),
('POR', 'Physiotherapy, OT & Rehabilitation', 'HEM'),
('PSY', 'Psychology, Counselling & Social Work', 'HEM'),
('RER', 'Residents & Registrars', 'HEM'),
('SAL', 'Sales', 'HEM'),
('SPT', 'Speech Therapy', 'HEM'),
('OTR', 'Others', 'HEM'),

-- Hospitality & Tourism
('AIR', 'Airlines', 'HOT'),
('BBS', 'Bar & Beverage Staff', 'HOT'),
('CHF', 'Chefs/Cooks', 'HOT'),
('FOG', 'Front Office & Guest Services', 'HOT'),
('GMG', 'Gaming', 'HOT'),
('HOU', 'Housekeeping', 'HOT'),
('KSH', 'Kitchen & Sandwich Hands', 'HOT'),
('MGT', 'Management', 'HOT'),
('RSV', 'Reservations', 'HOT'),
('TOG', 'Tour Guides', 'HOT'),
('TAC', 'Travel Agents/Consultants', 'HOT'),
('WAS', 'Waiting Staff', 'HOT'),
('OTR', 'Others', 'HOT'),

-- Human Resources & Recruitment
('COG', 'Consulting & Generalist HR', 'HRR'),
('IER', 'Industrial & Employee Relations', 'HRR'),
('MAA', 'Management - Agency', 'HRR'),
('MAI', 'Management - Internal', 'HRR'),
('OHS', 'Occupational Health & Safety', 'HRR'),
('ORD', 'Organisational Development', 'HRR'),
('REA', 'Recruitment - Agency', 'HRR'),
('REI', 'Recruitment - Internal', 'HRR'),
('REB', 'Remuneration & Benefits', 'HRR'),
('TRD', 'Training & Development', 'HRR'),
('OTR', 'Others', 'HRR'),

-- Information & Communication Technology
('ARC', 'Architects', 'ICT'),
('BSA', 'Business/Systems Analysts', 'ICT'),
('COM', 'Computer Operators', 'ICT'),
('CSL', 'Consultants', 'ICT'),
('DBA', 'Database Development & Administration', 'ICT'),
('DEV', 'Developers/Programmers', 'ICT'),
('ENH', 'Engineering - Hardware', 'ICT'),
('ENN', 'Engineering - Network', 'ICT'),
('ENS', 'Engineering - Software', 'ICT'),
('HDS', 'Help Desk & IT Support', 'ICT'),
('MGT', 'Management', 'ICT'),
('NSA', 'Networks & Systems Administration', 'ICT'),
('PMD', 'Product Management & Development', 'ICT'),
('PPM', 'Programme & Project Management', 'ICT'),
('SAL', 'Sales - Pre & Post', 'ICT'),
('SEC', 'Security', 'ICT'),
('LDR', 'Team Leaders', 'ICT'),
('TEW', 'Technical Writing', 'ICT'),
('TEL', 'Telecommunications', 'ICT'),
('TQA', 'Testing & Quality Assurance', 'ICT'),
('WED', 'Web Development & Production', 'ICT'),
('OTR', 'Others', 'ICT'),

-- Insurance & Superannuation
('ACT', 'Actuarial', 'INS'),
('ASS', 'Assessment', 'INS'),
('BRK', 'Brokerage', 'INS'),
('CLM', 'Claims', 'INS'),
('FUA', 'Fund Administration', 'INS'),
('MGT', 'Management', 'INS'),
('RIC', 'Risk Consulting', 'INS'),
('SUA', 'Superannuation', 'INS'),
('UNW', 'Underwriting', 'INS'),
('WOC', 'Workers Compensation', 'INS'),
('OTR', 'Others', 'INS'),

-- Legal
('BFL', 'Banking & Finance Law', 'LEG'),
('CNL', 'Construction Law', 'LEG'),
('COL', 'Corporate & Commercial Law', 'LEG'),
('CRL', 'Criminal & Civil Law', 'LEG'),
('EPL', 'Environment & Planning Law', 'LEG'),
('FAL', 'Family Law', 'LEG'),
('GEI', 'Generalists - In-house', 'LEG'),
('GEL', 'Generalists - Law Firm', 'LEG'),
('IRL', 'Industrial Relations & Employment Law', 'LEG'),
('ISL', 'Insurance & Superannuation Law', 'LEG'),
('IPL', 'Intellectual Property Law', 'LEG'),
('LCP', 'Law Clerks & Paralegals', 'LEG'),
('LEM', 'Legal Practice Management', 'LEG'),
('LES', 'Legal Secretaries', 'LEG'),
('LDR', 'Litigation & Dispute Resolution', 'LEG'),
('PIL', 'Personal Injury Law', 'LEG'),
('PRL', 'Property Law', 'LEG'),
('TAL', 'Tax Law', 'LEG'),
('OTR', 'Others', 'LEG'),

-- Manufacturing, Transport & Logistics
('ANR', 'Analysis & Reporting', 'MTL'),
('APW', 'Assembly & Process Work', 'MTL'),
('AVS', 'Aviation Services', 'MTL'),
('CDP', 'Couriers, Drivers & Postal Services', 'MTL'),
('FLM', 'Fleet Management', 'MTL'),
('FRF', 'Freight/Cargo Forwarding', 'MTL'),
('IEC', 'Import/Export & Customs', 'MTL'),
('MAO', 'Machine Operators', 'MTL'),
('MGT', 'Management', 'MTL'),
('PGM', 'Pattern Makers & Garment Technicians', 'MTL'),
('PIP', 'Pickers & Packers', 'MTL'),
('PPS', 'Production, Planning & Scheduling', 'MTL'),
('PTT', 'Public Transport & Taxi Services', 'MTL'),
('PPI', 'Purchasing, Procurement & Inventory', 'MTL'),
('QAC', 'Quality Assurance & Control', 'MTL'),
('RMT', 'Rail & Maritime Transport', 'MTL'),
('ROT', 'Road Transport', 'MTL'),
('TLS', 'Team Leaders/Supervisors', 'MTL'),
('WSD', 'Warehousing, Storage & Distribution', 'MTL'),
('OTR', 'Others', 'MTL'),

-- Marketing & Communications
('BRM', 'Brand Management', 'MAC'),
('DSM', 'Digital & Search Marketing', 'MAC'),
('DMC', 'Direct Marketing & CRM', 'MAC'),
('EVM', 'Event Management', 'MAC'),
('INC', 'Internal Communications', 'MAC'),
('MGT', 'Management', 'MAC'),
('MRA', 'Market Research & Analysis', 'MAC'),
('MAC', 'Marketing Assistants/Coordinators', 'MAC'),
('MCO', 'Marketing Communications', 'MAC'),
('PMD', 'Product Management & Development', 'MAC'),
('PRC', 'Public Relations & Corporate Affairs', 'MAC'),
('TRM', 'Trade Marketing', 'MAC'),
('OTR', 'Others', 'MAC'),

-- Mining, Resources & Energy
('ANR', 'Analysis & Reporting', 'MRE'),
('HSE', 'Health, Safety & Environment', 'MRE'),
('MGT', 'Management', 'MRE'),
('MDB', 'Mining - Drill & Blast', 'MRE'),
('MEM', 'Mining - Engineering & Maintenance', 'MRE'),
('MEG', 'Mining - Exploration & Geoscience', 'MRE'),
('MOP', 'Mining - Operations', 'MRE'),
('MPR', 'Mining - Processing', 'MRE'),
('NRW', 'Natural Resources & Water', 'MRE'),
('ODR', 'Oil & Gas - Drilling', 'MRE'),
('OEM', 'Oil & Gas - Engineering & Maintenance', 'MRE'),
('OEG', 'Oil & Gas - Exploration & Geoscience', 'MRE'),
('OOP', 'Oil & Gas - Operations', 'MRE'),
('OPR', 'Oil & Gas - Production & Refinement', 'MRE'),
('PGD', 'Power Generation & Distribution', 'MRE'),
('SVY', 'Surveying', 'MRE'),
('OTR', 'Others', 'MRE'),

-- Real Estate & Property
('ADM', 'Administration', 'RES'),
('ANL', 'Analysts', 'RES'),
('BCF', 'Body Corporate & Facilities Management', 'RES'),
('CSL', 'Commercial Sales, Leasing & Property Management', 'RES'),
('REL', 'Residential Leasing & Property Management', 'RES'),
('RES', 'Residential Sales', 'RES'),
('RPD', 'Retail & Property Development', 'RES'),
('VAL', 'Valuation', 'RES'),
('OTR', 'Others', 'RES'),

-- Retail & Consumer Products
('BYN', 'Buying', 'RET'),
('MAM', 'Management - Area/Multi-site', 'RET'),
('MDA', 'Management - Department/Assistant', 'RET'),
('MST', 'Management - Store', 'RET'),
('MER', 'Merchandisers', 'RET'),
('PLN', 'Planning', 'RET'),
('REA', 'Retail Assistants', 'RET'),
('OTR', 'Others', 'RET'),

-- Sales
('ARM', 'Account & Relationship Management', 'SAL'),
('ANR', 'Analysis & Reporting', 'SAL'),
('MGT', 'Management', 'SAL'),
('NBD', 'New Business Development', 'SAL'),
('SAC', 'Sales Coordinators', 'SAL'),
('SRC', 'Sales Representatives/Consultants', 'SAL'),
('OTR', 'Others', 'SAL'),

-- Science & Technology
('BIB', 'Biological & Biomedical Sciences', 'SCT'),
('BIG', 'Biotechnology & Genetics', 'SCT'),
('CHP', 'Chemistry & Physics', 'SCT'),
('EEG', 'Environmental, Earth & Geosciences', 'SCT'),
('FTS', 'Food Technology & Safety', 'SCT'),
('LAB', 'Laboratory & Technical Services', 'SCT'),
('MAS', 'Materials Sciences', 'SCT'),
('MAI', 'Mathematics, Statistics & Information Sciences', 'SCT'),
('MOS', 'Modelling & Simulation', 'SCT'),
('QAC', 'Quality Assurance & Control', 'SCT'),
('OTR', 'Others', 'SCT'),

-- Self Employment
('SEM', 'Self Employment', 'SEM'),

-- Sport & Recreation
('COI', 'Coaching & Instruction', 'SPR'),
('FPT', 'Fitness & Personal Training', 'SPR'),
('MGT', 'Management', 'SPR'),
('OTR', 'Others', 'SPR'),

-- Trades & Services
('ACR', 'Air Conditioning & Refrigeration', 'TRS'),
('AUT', 'Automotive Trades', 'TRS'),
('BKR', 'Bakers & Pastry Chefs', 'TRS'),
('BUT', 'Building Trades', 'TRS'),
('BCH', 'Butchers', 'TRS'),
('CAM', 'Carpentry & Cabinet Making', 'TRS'),
('CLN', 'Cleaning Services', 'TRS'),
('ELC', 'Electricians', 'TRS'),
('FTM', 'Fitters, Turners & Machinists', 'TRS'),
('FLR', 'Floristry', 'TRS'),
('GAL', 'Gardening & Landscaping', 'TRS'),
('HBS', 'Hair & Beauty Services', 'TRS'),
('LBR', 'Labourers', 'TRS'),
('LCK', 'Locksmiths', 'TRS'),
('MHS', 'Maintenance & Handyperson Services', 'TRS'),
('NAB', 'Nannies & Babysitters', 'TRS'),
('PSW', 'Painters & Sign Writers', 'TRS'),
('PLM', 'Plumbers', 'TRS'),
('PPS', 'Printing & Publishing Services', 'TRS'),
('SES', 'Security Services', 'TRS'),
('TAD', 'Tailors & Dressmakers', 'TRS'),
('TEC', 'Technicians', 'TRS'),
('WEB', 'Welders & Boilermakers', 'TRS'),
('OTR', 'Others', 'TRS');

INSERT INTO jobs (job_id, job_title, description, salary_range_start, salary_range_end, created_date, close_date,
                  industry_id, job_function_id, job_subfunction_id, location, status, employment_type)
VALUES ('AER_ICT_231', 'IT Specialist', 'Support aerospace IT systems.', 75000.00, 100000.00, '2025-07-01 10:00:00+07',
        '2025-08-01', 'AER', 'ICT', 'HDS', 'Bangkok', 'active', 'permanent'),
       ('AUT_SAL_232', 'Sales Consultant', 'Sell automotive products.', 40000.00, 60000.00, '2025-07-01 09:30:00+07',
        '2025-07-20', 'AUT', 'SAL', 'SRC', 'Chiang Mai', 'active', 'contract'),
       ('APF_MAC_233', 'Marketing Coordinator', 'Plan apparel marketing campaigns.', 50000.00, 75000.00,
        '2025-07-01 09:00:00+07', '2025-07-25', 'APF', 'MAC', 'MAC', 'Phuket', 'prioritized', 'permanent'),
       ('CHE_SCT_234', 'Lab Analyst', 'Analyze chemical samples.', 45000.00, 65000.00, '2025-07-01 08:30:00+07',
        '2025-07-15', 'CHE', 'SCT', 'LAB', 'Rayong', 'active', 'contract'),
       ('COS_HRR_235', 'HR Consultant', 'Support cosmetics HR processes.', 55000.00, 80000.00, '2025-07-01 08:00:00+07',
        '2025-07-30', 'COS', 'HRR', 'COG', 'Nonthaburi', 'active', 'permanent'),
       ('ELC_ENG_236', 'Circuit Designer', 'Design electronic circuits.', 70000.00, 95000.00, '2025-07-01 07:30:00+07',
        '2025-07-20', 'ELC', 'ENG', 'DEE', 'Samut Prakan', 'prioritized', 'permanent'),
       ('FOB_HOT_237', 'Head Chef', 'Lead restaurant kitchen.', 60000.00, 85000.00, '2025-07-01 07:00:00+07',
        '2025-07-10', 'FOB', 'HOT', 'CHF', 'Pattaya', 'active', 'permanent'),
       ('FUR_AOS_238', 'Office Assistant', 'Support furniture office tasks.', 35000.00, 50000.00,
        '2025-07-01 06:30:00+07', '2025-07-25', 'FUR', 'AOS', 'ADA', 'Ayutthaya', 'active', 'temporary'),
       ('IME_MTL_239', 'Warehouse Manager', 'Oversee industrial warehouse.', 65000.00, 90000.00,
        '2025-07-01 06:00:00+07', '2025-07-30', 'IME', 'MTL', 'WSD', 'Pathum Thani', 'active', 'permanent'),
       ('LAP_CON_241', 'Project Supervisor', 'Supervise packaging projects.', 60000.00, 85000.00,
        '2025-06-30 15:00:00+07', '2025-07-20', 'LAP', 'CON', 'PRM', 'Nakhon Ratchasima', 'active', 'permanent'),
       ('MED_HEM_242', 'Registered Nurse', 'Provide patient care.', 65000.00, 90000.00, '2025-06-30 12:00:00+07',
        '2025-07-25', 'MED', 'HEM', 'NGM', 'Chiang Rai', 'prioritized', 'permanent'),
       ('MET_TRS_243', 'Plumber', 'Install plumbing systems.', 40000.00, 60000.00, '2025-06-30 09:00:00+07',
        '2025-07-15', 'MET', 'TRS', 'PLM', 'Udon Thani', 'active', 'contract'),
       ('AER_ACC_244', 'Accounts Officer', 'Manage aerospace accounts.', 45000.00, 65000.00, '2025-06-30 06:00:00+07',
        '2025-07-30', 'AER', 'ACC', 'AOC', 'Surat Thani', 'active', 'permanent'),
       ('AUT_MTL_245', 'Production Operator', 'Operate automotive machinery.', 35000.00, 55000.00,
        '2025-06-30 03:00:00+07', '2025-07-20', 'AUT', 'MTL', 'MAO', 'Nakhon Si Thammarat', 'active', 'contract'),
       ('APF_RET_246', 'Store Supervisor', 'Manage apparel store.', 55000.00, 80000.00, '2025-06-29 15:00:00+07',
        '2025-07-25', 'APF', 'RET', 'MST', 'Saraburi', 'prioritized', 'permanent'),
       ('CHE_MRE_247', 'Safety Coordinator', 'Ensure chemical safety compliance.', 60000.00, 85000.00,
        '2025-06-29 12:00:00+07', '2025-07-15', 'CHE', 'MRE', 'HSE', 'Krabi', 'active', 'permanent'),
       ('COS_SAL_248', 'Sales Executive', 'Promote cosmetics products.', 50000.00, 75000.00, '2025-06-29 09:00:00+07',
        '2025-07-30', 'COS', 'SAL', 'SRC', 'Samut Sakhon', 'active', 'permanent'),
       ('ELC_ICT_249', 'Web Developer', 'Develop electronics websites.', 65000.00, 90000.00, '2025-06-29 06:00:00+07',
        '2025-07-20', 'ELC', 'ICT', 'WED', 'Ubon Ratchathani', 'prioritized', 'permanent'),
       ('FOB_HOT_250', 'Bar Staff', 'Serve drinks in restaurant.', 30000.00, 45000.00, '2025-06-29 03:00:00+07',
        '2025-07-10', 'FOB', 'HOT', 'BBS', 'Lampang', 'active', 'contract'),
       ('FUR_CON_251', 'Construction Estimator', 'Estimate furniture project costs.', 55000.00, 80000.00,
        '2025-06-28 15:00:00+07', '2025-07-25', 'FUR', 'CON', 'EST', 'Phitsanulok', 'active', 'contract'),
       ('IME_ENG_252', 'Process Engineer', 'Optimize industrial processes.', 70000.00, 95000.00,
        '2025-06-28 12:00:00+07', '2025-07-30', 'IME', 'ENG', 'PRE', 'Songkhla', 'active', 'permanent'),
       ('JRY_MAC_253', 'Social MediaPage Manager', 'Manage jewelry social media.', 50000.00, 75000.00,
        '2025-06-28 09:00:00+07', '2025-07-15', 'JRY', 'MAC', 'DSM', 'Chachoengsao', 'prioritized', 'permanent'),
       ('LAP_AOS_254', 'Client Administrator', 'Support packaging client services.', 35000.00, 50000.00,
        '2025-06-28 06:00:00+07', '2025-07-20', 'LAP', 'AOS', 'CSA', 'Nakhon Pathom', 'active', 'temporary'),
       ('MET_TRS_256', 'Carpenter', 'Fabricate metal structures.', 40000.00, 60000.00, '2025-06-27 15:00:00+07',
        '2025-07-15', 'MET', 'TRS', 'CAM', 'Sukhothai', 'active', 'contract'),
       ('AER_SAL_257', 'Account Manager', 'Manage aerospace client accounts.', 60000.00, 85000.00,
        '2025-06-27 12:00:00+07', '2025-07-30', 'AER', 'SAL', 'ARM', 'Trang', 'prioritized', 'permanent'),
       ('AUT_ACC_258', 'Financial Controller', 'Oversee automotive finances.', 70000.00, 95000.00,
        '2025-06-27 09:00:00+07', '2025-07-20', 'AUT', 'ACC', 'FMC', 'Phuket', 'active', 'permanent'),
       ('APF_HRR_259', 'Training Coordinator', 'Develop apparel training programs.', 45000.00, 65000.00,
        '2025-06-27 06:00:00+07', '2025-07-25', 'APF', 'HRR', 'TRD', 'Pathum Thani', 'active', 'temporary'),
       ('CHE_SCT_260', 'Quality Control Analyst', 'Ensure chemical product quality.', 55000.00, 80000.00,
        '2025-06-27 03:00:00+07', '2025-07-15', 'CHE', 'SCT', 'QAC', 'Bangkok', 'active', 'permanent'),
       ('COS_ADM_261', 'Event Manager', 'Organize cosmetics events.', 50000.00, 75000.00, '2025-06-26 15:00:00+07',
        '2025-07-30', 'COS', 'ADM', 'EVM', 'Chiang Mai', 'active', 'contract'),
       ('ELC_ICT_262', 'Network Engineer', 'Manage electronics networks.', 65000.00, 90000.00, '2025-06-26 12:00:00+07',
        '2025-07-20', 'ELC', 'ICT', 'ENN', 'Rayong', 'prioritized', 'permanent'),
       ('FOB_HOT_263', 'Restaurant Supervisor', 'Oversee restaurant operations.', 45000.00, 65000.00,
        '2025-06-26 09:00:00+07', '2025-07-10', 'FOB', 'HOT', 'MGT', 'Nonthaburi', 'active', 'permanent'),
       ('FUR_TRS_264', 'Maintenance Worker', 'Maintain furniture equipment.', 40000.00, 60000.00,
        '2025-06-26 06:00:00+07', '2025-07-25', 'FUR', 'TRS', 'MHS', 'Samut Prakan', 'active', 'contract'),
       ('IME_MTL_265', 'Logistics Coordinator', 'Coordinate industrial shipping.', 50000.00, 75000.00,
        '2025-06-26 03:00:00+07', '2025-07-30', 'IME', 'MTL', 'CDP', 'Ayutthaya', 'active', 'permanent'),
       ('JRY_SAL_266', 'Sales Associate', 'Sell jewelry products.', 35000.00, 55000.00, '2025-06-25 15:00:00+07',
        '2025-07-15', 'JRY', 'SAL', 'SRC', 'Hat Yai', 'active', 'temporary'),
       ('LAP_CON_267', 'Quality Manager', 'Ensure packaging quality standards.', 60000.00, 85000.00,
        '2025-06-25 12:00:00+07', '2025-07-20', 'LAP', 'CON', 'QAC', 'Nakhon Ratchasima', 'active', 'permanent'),
       ('MED_HEM_268', 'Medical Assistant', 'Assist in medical procedures.', 45000.00, 65000.00,
        '2025-06-25 09:00:00+07', '2025-07-25', 'MED', 'HEM', 'MEA', 'Pattaya', 'prioritized', 'permanent'),
       ('MET_ENG_269', 'Design Engineer', 'Design metalwork components.', 70000.00, 95000.00, '2025-06-25 06:00:00+07',
        '2025-07-30', 'MET', 'ENG', 'DEE', 'Chiang Rai', 'active', 'permanent'),
       ('AER_MAC_270', 'Marketing Specialist', 'Promote aerospace services.', 55000.00, 80000.00,
        '2025-06-25 03:00:00+07', '2025-07-15', 'AER', 'MAC', 'MCO', 'Udon Thani', 'active', 'permanent'),
       ('AUT_RET_271', 'Store Manager', 'Manage automotive retail store.', 60000.00, 85000.00, '2025-06-24 15:00:00+07',
        '2025-07-20', 'AUT', 'RET', 'MST', 'Surat Thani', 'prioritized', 'permanent'),
       ('APF_AOS_272', 'Receptionist', 'Manage apparel office front desk.', 35000.00, 50000.00,
        '2025-06-24 12:00:00+07', '2025-07-25', 'APF', 'AOS', 'RCP', 'Nakhon Si Thammarat', 'active', 'temporary'),
       ('CHE_MRE_273', 'Environmental Specialist', 'Ensure chemical environmental compliance.', 65000.00, 90000.00,
        '2025-06-24 09:00:00+07', '2025-07-30', 'CHE', 'MRE', 'HSE', 'Saraburi', 'active', 'permanent'),
       ('ELC_SAL_275', 'Sales Manager', 'Lead electronics sales team.', 70000.00, 95000.00, '2025-06-24 03:00:00+07',
        '2025-07-20', 'ELC', 'SAL', 'MGT', 'Samut Sakhon', 'prioritized', 'permanent'),
       ('FOB_AOS_276', 'Data Entry Clerk', 'Enter food order data.', 35000.00, 50000.00, '2025-06-23 15:00:00+07',
        '2025-07-25', 'FOB', 'AOS', 'DEP', 'Ubon Ratchathani', 'active', 'temporary'),
       ('FUR_MAC_277', 'Brand Coordinator', 'Support furniture brand campaigns.', 50000.00, 75000.00,
        '2025-06-23 12:00:00+07', '2025-07-30', 'FUR', 'MAC', 'BRM', 'Lampang', 'active', 'permanent'),
       ('IME_TRS_278', 'Technician', 'Repair industrial machinery.', 40000.00, 60000.00, '2025-06-23 09:00:00+07',
        '2025-07-15', 'IME', 'TRS', 'TEC', 'Phitsanulok', 'active', 'contract'),
       ('JRY_ADM_279', 'Photographer', 'Capture jewelry images.', 45000.00, 65000.00, '2025-06-23 06:00:00+07',
        '2025-07-20', 'JRY', 'ADM', 'PHO', 'Songkhla', 'active', 'permanent'),
       ('LAP_SAL_280', 'Business Development Manager', 'Expand packaging market.', 65000.00, 90000.00,
        '2025-06-23 03:00:00+07', '2025-07-25', 'LAP', 'SAL', 'NBD', 'Chachoengsao', 'prioritized', 'permanent'),
       ('MED_HEM_281', 'Pharmacist', 'Dispense medications.', 60000.00, 85000.00, '2025-06-22 15:00:00+07',
        '2025-07-30', 'MED', 'HEM', 'PHR', 'Nakhon Pathom', 'active', 'permanent'),
       ('MET_CON_282', 'Surveyor', 'Survey metalwork sites.', 55000.00, 80000.00, '2025-06-22 12:00:00+07',
        '2025-07-15', 'MET', 'CON', 'SVY', 'Ratchaburi', 'active', 'contract'),
       ('AER_AOS_283', 'Administrative Assistant', 'Support aerospace office tasks.', 35000.00, 50000.00,
        '2025-06-22 09:00:00+07', '2025-07-20', 'AER', 'AOS', 'ADA', 'Sukhothai', 'active', 'temporary'),
       ('AUT_SAL_284', 'Sales Analyst', 'Analyze automotive sales data.', 50000.00, 75000.00, '2025-06-22 06:00:00+07',
        '2025-07-25', 'AUT', 'SAL', 'ANR', 'Trang', 'active', 'permanent'),
       ('APF_MAC_285', 'Public Relations Manager', 'Manage apparel PR.', 60000.00, 85000.00, '2025-06-22 03:00:00+07',
        '2025-07-30', 'APF', 'MAC', 'PRC', 'Phuket', 'prioritized', 'permanent'),
       ('CHE_ENG_286', 'Project Engineer', 'Manage chemical projects.', 70000.00, 95000.00, '2025-06-21 15:00:00+07',
        '2025-07-15', 'CHE', 'ENG', 'PRJ', 'Pathum Thani', 'active', 'permanent'),
       ('COS_ADM_287', 'Copywriter', 'Write cosmetics content.', 45000.00, 65000.00, '2025-06-21 12:00:00+07',
        '2025-07-20', 'COS', 'ADM', 'JOW', 'Bangkok', 'active', 'contract'),
       ('ELC_ICT_288', 'Database Administrator', 'Manage electronics databases.', 65000.00, 90000.00,
        '2025-06-21 09:00:00+07', '2025-07-25', 'ELC', 'ICT', 'DBA', 'Chiang Mai', 'prioritized', 'permanent'),
       ('FOB_RET_289', 'Merchandiser', 'Arrange food product displays.', 40000.00, 60000.00, '2025-06-21 06:00:00+07',
        '2025-07-30', 'FOB', 'RET', 'MER', 'Rayong', 'active', 'temporary'),
       ('FUR_CON_290', 'Construction Manager', 'Lead furniture construction.', 70000.00, 95000.00,
        '2025-06-21 03:00:00+07', '2025-07-15', 'FUR', 'CON', 'MGT', 'Nonthaburi', 'active', 'permanent'),
       ('IME_ENG_291', 'Maintenance Engineer', 'Maintain industrial equipment.', 65000.00, 90000.00,
        '2025-06-20 15:00:00+07', '2025-07-20', 'IME', 'ENG', 'MAE', 'Samut Prakan', 'active', 'permanent'),
       ('JRY_MAC_292', 'Marketing Manager', 'Lead jewelry marketing.', 60000.00, 85000.00, '2025-06-20 12:00:00+07',
        '2025-07-25', 'JRY', 'MAC', 'MGT', 'Ayutthaya', 'prioritized', 'permanent'),
       ('LAP_HRR_293', 'HR Manager', 'Oversee packaging HR.', 70000.00, 95000.00, '2025-06-20 09:00:00+07',
        '2025-07-30', 'LAP', 'HRR', 'MAI', 'Hat Yai', 'active', 'permanent'),
       ('MED_SCT_294', 'Lab Technician', 'Conduct medical tests.', 55000.00, 80000.00, '2025-06-20 06:00:00+07',
        '2025-07-15', 'MED', 'SCT', 'LAB', 'Nakhon Ratchasima', 'active', 'permanent'),
       ('MET_TRS_295', 'Welder', 'Weld metal components.', 40000.00, 60000.00, '2025-06-20 03:00:00+07', '2025-07-20',
        'MET', 'TRS', 'WEB', 'Pattaya', 'active', 'contract'),
       ('AER_SAL_296', 'Sales Coordinator', 'Support aerospace sales.', 45000.00, 65000.00, '2025-06-19 15:00:00+07',
        '2025-07-25', 'AER', 'SAL', 'SAC', 'Chiang Rai', 'active', 'permanent'),
       ('AUT_ACC_297', 'Payroll Specialist', 'Manage automotive payroll.', 50000.00, 75000.00, '2025-06-19 12:00:00+07',
        '2025-07-30', 'AUT', 'ACC', 'PRL', 'Udon Thani', 'active', 'temporary'),
       ('APF_HRR_298', 'Recruitment Specialist', 'Recruit for apparel industry.', 55000.00, 80000.00,
        '2025-06-19 09:00:00+07', '2025-07-15', 'APF', 'HRR', 'REA', 'Surat Thani', 'active', 'permanent'),
       ('CHE_SCT_299', 'Biotechnologist', 'Research biotech applications.', 65000.00, 90000.00,
        '2025-06-19 06:00:00+07', '2025-07-20', 'CHE', 'SCT', 'BIG', 'Nakhon Si Thammarat', 'active', 'permanent'),
       ('COS_SAL_300', 'Retail Supervisor', 'Supervise cosmetics retail.', 60000.00, 85000.00, '2025-06-19 03:00:00+07',
        '2025-07-25', 'COS', 'SAL', 'MGT', 'Saraburi', 'prioritized', 'permanent'),
       ('ELC_MAC_301', 'Marketing Analyst', 'Analyze electronics market trends.', 55000.00, 80000.00,
        '2025-06-18 15:00:00+07', '2025-07-30', 'ELC', 'MAC', 'MRA', 'Krabi', 'active', 'permanent'),
       ('FOB_HOT_302', 'Tour Guide', 'Lead food tours.', 35000.00, 55000.00, '2025-06-18 12:00:00+07', '2025-07-15',
        'FOB', 'HOT', 'TOG', 'Samut Sakhon', 'active', 'contract'),
       ('FUR_TRS_303', 'Gardener', 'Maintain furniture grounds.', 40000.00, 60000.00, '2025-06-18 09:00:00+07',
        '2025-07-20', 'FUR', 'TRS', 'GAL', 'Ubon Ratchathani', 'active', 'temporary'),
       ('IME_MTL_304', 'Quality Inspector', 'Inspect industrial products.', 45000.00, 65000.00,
        '2025-06-18 06:00:00+07', '2025-07-25', 'IME', 'MTL', 'QAC', 'Lampang', 'active', 'contract'),
       ('JRY_ADM_305', 'Event Coordinator', 'Plan jewelry events.', 50000.00, 75000.00, '2025-06-18 03:00:00+07',
        '2025-07-30', 'JRY', 'ADM', 'EVM', 'Phitsanulok', 'active', 'permanent'),
       ('LAP_HRR_306', 'Training Manager', 'Develop packaging training.', 60000.00, 85000.00, '2025-06-17 15:00:00+07',
        '2025-07-15', 'LAP', 'HRR', 'TRD', 'Songkhla', 'prioritized', 'permanent'),
       ('MED_HEM_307', 'Dental Hygienist', 'Provide dental care.', 55000.00, 80000.00, '2025-06-17 12:00:00+07',
        '2025-07-20', 'MED', 'HEM', 'DEN', 'Chachoengsao', 'active', 'permanent'),
       ('MET_CON_308', 'Construction Supervisor', 'Supervise metalwork construction.', 65000.00, 90000.00,
        '2025-06-17 09:00:00+07', '2025-07-25', 'MET', 'CON', 'FOS', 'Nakhon Pathom', 'active', 'contract'),
       ('AER_AOS_309', 'Office Manager', 'Manage aerospace office.', 45000.00, 65000.00, '2025-06-17 06:00:00+07',
        '2025-07-30', 'AER', 'AOS', 'OFM', 'Ratchaburi', 'active', 'temporary'),
       ('AUT_SAL_310', 'Business Development Executive', 'Expand automotive market.', 60000.00, 85000.00,
        '2025-06-17 03:00:00+07', '2025-07-15', 'AUT', 'SAL', 'NBD', 'Sukhothai', 'prioritized', 'permanent'),
       ('APF_MAC_311', 'Social MediaPage Specialist', 'Manage apparel social media.', 50000.00, 75000.00,
        '2025-06-16 15:00:00+07', '2025-07-20', 'APF', 'MAC', 'DSM', 'Trang', 'active', 'permanent'),
       ('CHE_ENG_312', 'Lean Engineer', 'Implement lean manufacturing.', 70000.00, 95000.00, '2025-06-16 12:00:00+07',
        '2025-07-25', 'CHE', 'ENG', 'LEE', 'Phuket', 'active', 'permanent'),
       ('COS_HOT_313', 'Housekeeping Supervisor', 'Oversee hotel housekeeping.', 45000.00, 65000.00,
        '2025-06-16 09:00:00+07', '2025-07-30', 'COS', 'HOT', 'HOU', 'Pathum Thani', 'active', 'contract'),
       ('ELC_ICT_314', 'Security Analyst', 'Protect electronics IT systems.', 65000.00, 90000.00,
        '2025-06-16 06:00:00+07', '2025-07-15', 'ELC', 'ICT', 'SEC', 'Bangkok', 'prioritized', 'permanent'),
       ('FOB_AOS_315', 'Records Manager', 'Manage food records.', 40000.00, 60000.00, '2025-06-16 03:00:00+07',
        '2025-07-20', 'FOB', 'AOS', 'RDC', 'Chiang Mai', 'active', 'temporary'),
       ('FUR_CON_316', 'Project Manager', 'Lead furniture projects.', 70000.00, 95000.00, '2025-06-15 15:00:00+07',
        '2025-07-25', 'FUR', 'CON', 'PRM', 'Rayong', 'active', 'permanent'),
       ('IME_ENG_317', 'Design Engineer', 'Design industrial equipment.', 65000.00, 90000.00, '2025-06-15 12:00:00+07',
        '2025-07-30', 'IME', 'ENG', 'DEE', 'Nonthaburi', 'active', 'permanent'),
       ('JRY_SAL_318', 'Retail Manager', 'Manage jewelry retail.', 60000.00, 85000.00, '2025-06-15 09:00:00+07',
        '2025-07-15', 'JRY', 'SAL', 'MGT', 'Samut Prakan', 'prioritized', 'permanent'),
       ('LAP_AOS_319', 'Administrative Coordinator', 'Support packaging office.', 35000.00, 50000.00,
        '2025-06-15 06:00:00+07', '2025-07-20', 'LAP', 'AOS', 'ADA', 'Ayutthaya', 'active', 'temporary'),
       ('MET_TRS_321', 'Security Officer', 'Secure metalwork facility.', 40000.00, 60000.00, '2025-06-14 15:00:00+07',
        '2025-07-30', 'MET', 'TRS', 'SES', 'Nakhon Ratchasima', 'active', 'contract'),
       ('AER_ACC_322', 'Tax Accountant', 'Handle aerospace taxes.', 55000.00, 80000.00, '2025-06-14 12:00:00+07',
        '2025-07-15', 'AER', 'ACC', 'TAX', 'Pattaya', 'active', 'permanent'),
       ('AUT_MTL_323', 'Production Manager', 'Oversee automotive production.', 70000.00, 95000.00,
        '2025-06-14 09:00:00+07', '2025-07-20', 'AUT', 'MTL', 'MGT', 'Chiang Rai', 'prioritized', 'permanent'),
       ('APF_RET_324', 'Sales Assistant', 'Assist in apparel sales.', 35000.00, 55000.00, '2025-06-14 06:00:00+07',
        '2025-07-25', 'APF', 'RET', 'REA', 'Udon Thani', 'active', 'temporary'),
       ('CHE_SCT_325', 'Materials Analyst', 'Analyze chemical materials.', 60000.00, 85000.00, '2025-06-14 03:00:00+07',
        '2025-07-30', 'CHE', 'SCT', 'MAS', 'Surat Thani', 'active', 'permanent'),
       ('COS_MAC_326', 'Product Manager', 'Manage cosmetics products.', 65000.00, 90000.00, '2025-06-13 15:00:00+07',
        '2025-07-15', 'COS', 'MAC', 'PMD', 'Nakhon Si Thammarat', 'prioritized', 'permanent'),
       ('ELC_ENG_327', 'Electronics Technician', 'Maintain electronics equipment.', 50000.00, 75000.00,
        '2025-06-13 12:00:00+07', '2025-07-20', 'ELC', 'ENG', 'MAE', 'Saraburi', 'active', 'contract'),
       ('FOB_HOT_328', 'Kitchen Supervisor', 'Supervise restaurant kitchen.', 45000.00, 65000.00,
        '2025-06-13 09:00:00+07', '2025-07-25', 'FOB', 'HOT', 'MGT', 'Krabi', 'active', 'permanent'),
       ('FUR_TRS_329', 'Maintenance Technician', 'Repair furniture machinery.', 40000.00, 60000.00,
        '2025-06-13 06:00:00+07', '2025-07-30', 'FUR', 'TRS', 'MHS', 'Samut Sakhon', 'active', 'contract'),
       ('IME_MTL_330', 'Freight Manager', 'Manage industrial freight.', 55000.00, 80000.00, '2025-06-13 03:00:00+07',
        '2025-07-15', 'IME', 'MTL', 'FRF', 'Ubon Ratchathani', 'active', 'permanent');

SELECT *
FROM job_subfunctions;

INSERT INTO cvs (user_id, cv_url, cv_title, status)
VALUES (1, '/cvs/1/2', 'GAMING CV', 'active');

INSERT INTO job_applications (job_id, user_id, cv_id, status)
VALUES ('AER_ENG_001', 1, 3, 'hired');