INSERT INTO users (email, user_name, password, role, status, img_url, dob, address) 
VALUES ('nigga@gmail.com', 'nigga', 'nigga', 'admin', 'active', 'img_url', '2005-05-19', 'nigeria'); // PASSWORD IS NOT HASHED

INSERT INTO industries VALUES 
('AER', 'Aerospace'),
('AUT', 'Automotive'),
('APF', 'Apparel & Footwear'),
('CHE', 'Chemicals'),
('COS', 'Cosmetics'),
('ELC', 'Electronics'),
('FOB', 'Food & Beverages'),
('FUR', 'Furniture'),
('IME', 'Industrial Machinery & Equipment'),
('JRY', 'Jewelry'),
('LAP', 'Labels & Packaging'),
('MED', 'Medical & Pharmaceuticals'),
('MET', 'Metal Work & Fabrication');

INSERT INTO job_functions VALUES
('ACC', 'Accounting'),
('AOS', 'Administration & Office Support'),
('ADM', 'Advertising, Arts & Media'),
('BAF', 'Banking & Financial Services'),
('CCS', 'Call Center & Customer Services'),
('CEO', 'CEO & General Management'),
('COM', 'Community Services & Development'),
('CON', 'Construction'),
('COS', 'Consulting & Strategy'),
('DEA', 'Design & Architecture'),
('EDU', 'Education & Training'),
('ENG', 'Engineering'),
('FAR', 'Farming, Animals & Conservation'),
('GOV', 'Government & Defense'),
('HEM', 'Healthcare & Medical'),
('HOT', 'Hospitality & Tourism'),
('HRR', 'Human Resources & Recruitment'),
('ICT', 'Information & Communication Technology'),
('INS', 'Insurance & Superannuation'),
('LEG', 'Legal'),
('MTL', 'Manufacturing, Transport & Logistics'),
('MAC', 'Marketing & Communications'),
('MRE', 'Mining, Resources & Energy'),
('RES', 'Real Estate & Property'),
('RET', 'Retail & Consumer Products'),
('SAL', 'Sales'),
('SCT', 'Science & Technology'),
('SEM', 'Self Employment'),
('SPR', 'Sport & Recreation'),
('TRS', 'Trades & Services');

INSERT INTO job_subfunctions VALUES
-- Accounting
('AOC', 'Accounts Officers/Clerks', 'ACC'),
('ACP', 'Accounts Payable', 'ACC'),
('ARC', 'Accounts Receivable/Credit Control', 'ACC'),
('ANR', 'Analysis & Reporting', 'ACC'),
('ASS', 'Assistant Accountants', 'ACC'),
('AUE', 'Audit - External', 'ACC'),
('AUI', 'Audit - Internal', 'ACC'),
('BKA', 'Bookkeeping & Small Practice Accounting', 'ACC'),
('BSA', 'Business Services & Corporate Advisory', 'ACC'),
('COS', 'Company Secretaries', 'ACC'),
('COR', 'Compliance & Risk', 'ACC'),
('COA', 'Cost Accounting', 'ACC'),
('FAR', 'Financial Accounting & Reporting', 'ACC'),
('FMC', 'Financial Managers & Controllers', 'ACC'),
('FOR', 'Forensic Accounting & Investigation', 'ACC'),
('ICR', 'Insolvency & Corporate Recovery', 'ACC'),
('INV', 'Inventory & Fixed Assets', 'ACC'),
('MGT', 'Management', 'ACC'),
('MAB', 'Management Accounting & Budgeting', 'ACC'),
('PRL', 'Payroll', 'ACC'),
('STP', 'Strategy & Planning', 'ACC'),
('SIT', 'Systems Accounting & IT Audit', 'ACC'),
('TAX', 'Taxation', 'ACC'),
('TRS', 'Treasury', 'ACC'),
('OTR', 'Others', 'ACC'),

-- Administration & Office Support
('ADA', 'Administrative Assistants', 'AOS'),
('CSA', 'Client & Sales Administration', 'AOS'),
('COA', 'Contracts Administration', 'AOS'),
('DEP', 'Data Entry & Word Processing', 'AOS'),
('OFM', 'Office Management', 'AOS'),
('PES', 'PA, EA & Secretarial', 'AOS'),
('RCP', 'Receptionists', 'AOS'),
('RDC', 'Records Management & Document Control', 'AOS'),
('OTR', 'Others', 'AOS'),

-- Advertising, Arts & Media
('AAM', 'Agency Account Management', 'ADM'),
('ARD', 'Art Direction', 'ADM'),
('EDP', 'Editing & Publishing', 'ADM'),
('EVM', 'Event Management', 'ADM'),
('JOW', 'Journalism & Writing', 'ADM'),
('MGT', 'Management', 'ADM'),
('MES', 'Media Strategy, Planning & Buying', 'ADM'),
('PEA', 'Performing Arts', 'ADM'),
('PHO', 'Photography', 'ADM'),
('PRP', 'Programming & Production', 'ADM'),
('PRM', 'Promotions', 'ADM'),
('OTR', 'Others', 'ADM'),

-- Banking & Financial Services
('ARM', 'Account & Relationship Management', 'BAF'),
('ANR', 'Analysis & Reporting', 'BAF'),
('BAB', 'Banking - Business', 'BAF'),
('BAC', 'Banking - Corporate & Institutional', 'BAF'),
('BAR', 'Banking - Retail/Branch', 'BAF'),
('CLS', 'Client Services', 'BAF'),
('COR', 'Compliance & Risk', 'BAF'),
('COF', 'Corporate Finance & Investment Banking', 'BAF'),
('CRE', 'Credit', 'BAF'),
('FIP', 'Financial Planning', 'BAF'),
('FUM', 'Funds Management', 'BAF'),
('MGT', 'Management', 'BAF'),
('MRG', 'Mortgages', 'BAF'),
('STL', 'Settlements', 'BAF'),
('STT', 'Stockbroking & Trading', 'BAF'),
('TRS', 'Treasury', 'BAF'),
('OTR', 'Others', 'BAF'),

-- Call Center & Customer Services
('COL', 'Collections', 'CCS'),
('CCC', 'Customer Service - Call Centre', 'CCS'),
('CCF', 'Customer Service - Customer Facing', 'CCS'),
('MGS', 'Management & Support', 'CCS'),
('SAI', 'Sales - Inbound', 'CCS'),
('SAO', 'Sales - Outbound', 'CCS'),
('SUT', 'Supervisors/Team Leaders', 'CCS'),
('OTR', 'Others', 'CCS'),

-- CEO & General Management
('BRD', 'Board Appointments', 'CEO'),
('CEO', 'CEO', 'CEO'),
('COO', 'COO & MD', 'CEO'),
('GBM', 'General/Business Unit Manager', 'CEO'),
('OTR', 'Others', 'CEO'),

-- Community Services & Development
('ADS', 'Aged & Disability Support', 'COM'),
('CWY', 'Child Welfare, Youth & Family Services', 'COM'),
('COD', 'Community Development', 'COM'),
('EMS', 'Employment Services', 'COM'),
('FND', 'Fundraising', 'COM'),
('HOH', 'Housing & Homelessness Services', 'COM'),
('INM', 'Indigenous & Multicultural Services', 'COM'),
('MGT', 'Management', 'COM'),
('VCS', 'Volunteer Coordination & Support', 'COM'),
('PRE', 'Others', 'COM'),

-- Construction
('COM', 'Contracts Management', 'CON'),
('EST', 'Estimating', 'CON'),
('FOS', 'Foreperson/Supervisors', 'CON'),
('HSE', 'Health, Safety & Environment', 'CON'),
('MGT', 'Management', 'CON'),
('PLS', 'Planning & Scheduling', 'CON'),
('PMO', 'Plant & Machinery Operators', 'CON'),
('PRM', 'Project Management', 'CON'),
('QAC', 'Quality Assurance & Control', 'CON'),
('SVY', 'Surveying', 'CON'),
('OTR', 'Others', 'CON'),

-- Consulting & Strategy
('ANL', 'Analysts', 'COS'),
('COD', 'Corporate Development', 'COS'),
('ESC', 'Environment & Sustainability Consulting', 'COS'),
('MCC', 'Management & Change Consulting', 'COS'),
('PLC', 'Policy', 'COS'),
('STP', 'Strategy & Planning', 'COS'),
('OTR', 'Others', 'COS'),

-- Design & Architecture
('ARD', 'Architectural Drafting', 'DEA'),
('ARC', 'Architecture', 'DEA'),
('FTD', 'Fashion & Textile Design', 'DEA'),
('GRD', 'Graphic Design', 'DEA'),
('ILA', 'Illustration & Animation', 'DEA'),
('IND', 'Industrial Design', 'DEA'),
('ITR', 'Interior Design', 'DEA'),
('LAA', 'Landscape Architecture', 'DEA'),
('UDP', 'Urban Design & Planning', 'DEA'),
('WID', 'Web & Interaction Design', 'DEA'),
('OTR', 'Others', 'DEA'),

-- Education & Training
('COC', 'Childcare & Outside School Hours Care', 'EDU'),
('LIB', 'Library Services & Information Management', 'EDU'),
('MGS', 'Management - Schools', 'EDU'),
('MGU', 'Management - Universities', 'EDU'),
('MGV', 'Management - Vocational', 'EDU'),
('REF', 'Research & Fellowships', 'EDU'),
('STS', 'Student Services', 'EDU'),
('TEC', 'Teaching - Early Childhood', 'EDU'),
('TEP', 'Teaching - Primary', 'EDU'),
('TES', 'Teaching - Secondary', 'EDU'),
('TET', 'Teaching - Tertiary', 'EDU'),
('TEV', 'Teaching - Vocational', 'EDU'),
('TEA', 'Teaching Aides & Special Needs', 'EDU'),
('TUT', 'Tutoring', 'EDU'),
('WTA', 'Workplace Training & Assessment', 'EDU'),
('OTR', 'Others', 'EDU'),

-- Engineers
('PRE', 'Process Engineering', 'ENG'),
('MAE', 'Maintainence Engineering', 'ENG'),
('PRJ', 'Project Engineering', 'ENG'),
('PRO', 'Program Engineering', 'ENG'),
('COI', 'Continuous Improvement', 'ENG'),
('LEE', 'LEAN Engineering', 'ENG'),
('DEE', 'Design Engineering', 'ENG'),
('MAN', 'Manufacturing Engineering', 'ENG'),

-- Farming, Animals & Conservation
('AGF', 'Agronomy & Farm Services', 'FAR'),
('CPW', 'Conservation, Parks & Wildlife', 'FAR'),
('FAL', 'Farm Labour', 'FAR'),
('FAM', 'Farm Management', 'FAR'),
('FIA', 'Fishing & Aquaculture', 'FAR'),
('HOR', 'Horticulture', 'FAR'),
('VAW', 'Veterinary Services & Animal Welfare', 'FAR'),
('WIV', 'Winery & Viticulture', 'FAR'),
('OTR', 'Others', 'FAR'),

-- Government & Defense
('AIR', 'Air Force', 'GOV'),
('ARM', 'Army', 'GOV'),
('EMS', 'Emergency Services', 'GOV'),
('GOF', 'Government - Federal', 'GOV'),
('GOL', 'Government - Local', 'GOV'),
('GOS', 'Government - State', 'GOV'),
('NAV', 'Navy', 'GOV'),
('POC', 'Police & Corrections', 'GOV'),
('PPR', 'Policy, Planning & Regulation', 'GOV'),
('OTR', 'Others', 'GOV'),

-- Healthcare & Medical
('AMP', 'Ambulance/Paramedics', 'HEM'),
('CHO', 'Chiropractic & Osteopathic', 'HEM'),
('CLR', 'Clinical/Medical Research', 'HEM'),
('DEN', 'Dental', 'HEM'),
('DIT', 'Dieticians', 'HEM'),
('ENV', 'Environmental Services', 'HEM'),
('GEP', 'General Practitioners', 'HEM'),
('MGT', 'Management', 'HEM'),
('MEA', 'Medical Administration', 'HEM'),
('MEI', 'Medical Imaging', 'HEM'),
('MES', 'Medical Specialists', 'HEM'),
('NAM', 'Natural Therapies & Alternative Medicine', 'HEM'),
('NAE', 'Nursing - A&E, Critical Care & ICU', 'HEM'),
('NAC', 'Nursing - Aged Care', 'HEM'),
('NCM', 'Nursing - Community, Maternal & Child Health', 'HEM'),
('NEF', 'Nursing - Educators & Facilitators', 'HEM'),
('NGM', 'Nursing - General Medical & Surgical', 'HEM'),
('NHA', 'Nursing - High Acuity', 'HEM'),
('NMG', 'Nursing - Management', 'HEM'),
('NMN', 'Nursing - Midwifery, Neo-Natal, SCN & NICU', 'HEM'),
('NPP', 'Nursing - Paediatric & PICU', 'HEM'),
('NPF', 'Nursing - Psych, Forensic & Correctional Health', 'HEM'),
('NTR', 'Nursing - Theatre & Recovery', 'HEM'),
('OPT', 'Optical', 'HEM'),
('PTH', 'Pathology', 'HEM'),
('PMD', 'Pharmaceuticals & Medical Devices', 'HEM'),
('PHR', 'Pharmacy', 'HEM'),
('POR', 'Physiotherapy, OT & Rehabilitation', 'HEM'),
('PSY', 'Psychology, Counselling & Social Work', 'HEM'),
('RER', 'Residents & Registrars', 'HEM'),
('SAL', 'Sales', 'HEM'),
('SPT', 'Speech Therapy', 'HEM'),
('OTR', 'Others', 'HEM'),

-- Hospitality & Tourism
('AIR', 'Airlines', 'HOT'),
('BBS', 'Bar & Beverage Staff', 'HOT'),
('CHF', 'Chefs/Cooks', 'HOT'),
('FOG', 'Front Office & Guest Services', 'HOT'),
('GMG', 'Gaming', 'HOT'),
('HOU', 'Housekeeping', 'HOT'),
('KSH', 'Kitchen & Sandwich Hands', 'HOT'),
('MGT', 'Management', 'HOT'),
('RSV', 'Reservations', 'HOT'),
('TOG', 'Tour Guides', 'HOT'),
('TAC', 'Travel Agents/Consultants', 'HOT'),
('WAS', 'Waiting Staff', 'HOT'),
('OTR', 'Others', 'HOT'),

-- Human Resources & Recruitment
('COG', 'Consulting & Generalist HR', 'HRR'),
('IER', 'Industrial & Employee Relations', 'HRR'),
('MAA', 'Management - Agency', 'HRR'),
('MAI', 'Management - Internal', 'HRR'),
('OHS', 'Occupational Health & Safety', 'HRR'),
('ORD', 'Organisational Development', 'HRR'),
('REA', 'Recruitment - Agency', 'HRR'),
('REI', 'Recruitment - Internal', 'HRR'),
('REB', 'Remuneration & Benefits', 'HRR'),
('TRD', 'Training & Development', 'HRR'),
('OTR', 'Others', 'HRR'),

-- Information & Communication Technology
('ARC', 'Architects', 'ICT'),
('BSA', 'Business/Systems Analysts', 'ICT'),
('COM', 'Computer Operators', 'ICT'),
('CSL', 'Consultants', 'ICT'),
('DBA', 'Database Development & Administration', 'ICT'),
('DEV', 'Developers/Programmers', 'ICT'),
('ENH', 'Engineering - Hardware', 'ICT'),
('ENN', 'Engineering - Network', 'ICT'),
('ENS', 'Engineering - Software', 'ICT'),
('HDS', 'Help Desk & IT Support', 'ICT'),
('MGT', 'Management', 'ICT'),
('NSA', 'Networks & Systems Administration', 'ICT'),
('PMD', 'Product Management & Development', 'ICT'),
('PPM', 'Programme & Project Management', 'ICT'),
('SAL', 'Sales - Pre & Post', 'ICT'),
('SEC', 'Security', 'ICT'),
('LDR', 'Team Leaders', 'ICT'),
('TEW', 'Technical Writing', 'ICT'),
('TEL', 'Telecommunications', 'ICT'),
('TQA', 'Testing & Quality Assurance', 'ICT'),
('WED', 'Web Development & Production', 'ICT'),
('OTR', 'Others', 'ICT'),

-- Insurance & Superannuation
('ACT', 'Actuarial', 'INS'),
('ASS', 'Assessment', 'INS'),
('BRK', 'Brokerage', 'INS'),
('CLM', 'Claims', 'INS'),
('FUA', 'Fund Administration', 'INS'),
('MGT', 'Management', 'INS'),
('RIC', 'Risk Consulting', 'INS'),
('SUA', 'Superannuation', 'INS'),
('UNW', 'Underwriting', 'INS'),
('WOC', 'Workers Compensation', 'INS'),
('OTR', 'Others', 'INS'),

-- Legal
('BFL', 'Banking & Finance Law', 'LEG'),
('CNL', 'Construction Law', 'LEG'),
('COL', 'Corporate & Commercial Law', 'LEG'),
('CRL', 'Criminal & Civil Law', 'LEG'),
('EPL', 'Environment & Planning Law', 'LEG'),
('FAL', 'Family Law', 'LEG'),
('GEI', 'Generalists - In-house', 'LEG'),
('GEL', 'Generalists - Law Firm', 'LEG'),
('IRL', 'Industrial Relations & Employment Law', 'LEG'),
('ISL', 'Insurance & Superannuation Law', 'LEG'),
('IPL', 'Intellectual Property Law', 'LEG'),
('LCP', 'Law Clerks & Paralegals', 'LEG'),
('LEM', 'Legal Practice Management', 'LEG'),
('LES', 'Legal Secretaries', 'LEG'),
('LDR', 'Litigation & Dispute Resolution', 'LEG'),
('PIL', 'Personal Injury Law', 'LEG'),
('PRL', 'Property Law', 'LEG'),
('TAL', 'Tax Law', 'LEG'),
('OTR', 'Others', 'LEG'),

-- Manufacturing, Transport & Logistics
('ANR', 'Analysis & Reporting', 'MTL'),
('APW', 'Assembly & Process Work', 'MTL'),
('AVS', 'Aviation Services', 'MTL'),
('CDP', 'Couriers, Drivers & Postal Services', 'MTL'),
('FLM', 'Fleet Management', 'MTL'),
('FRF', 'Freight/Cargo Forwarding', 'MTL'),
('IEC', 'Import/Export & Customs', 'MTL'),
('MAO', 'Machine Operators', 'MTL'),
('MGT', 'Management', 'MTL'),
('PGM', 'Pattern Makers & Garment Technicians', 'MTL'),
('PIP', 'Pickers & Packers', 'MTL'),
('PPS', 'Production, Planning & Scheduling', 'MTL'),
('PTT', 'Public Transport & Taxi Services', 'MTL'),
('PPI', 'Purchasing, Procurement & Inventory', 'MTL'),
('QAC', 'Quality Assurance & Control', 'MTL'),
('RMT', 'Rail & Maritime Transport', 'MTL'),
('ROT', 'Road Transport', 'MTL'),
('TLS', 'Team Leaders/Supervisors', 'MTL'),
('WSD', 'Warehousing, Storage & Distribution', 'MTL'),
('OTR', 'Others', 'MTL'),

-- Marketing & Communications
('BRM', 'Brand Management', 'MAC'),
('DSM', 'Digital & Search Marketing', 'MAC'),
('DMC', 'Direct Marketing & CRM', 'MAC'),
('EVM', 'Event Management', 'MAC'),
('INC', 'Internal Communications', 'MAC'),
('MGT', 'Management', 'MAC'),
('MRA', 'Market Research & Analysis', 'MAC'),
('MAC', 'Marketing Assistants/Coordinators', 'MAC'),
('MCO', 'Marketing Communications', 'MAC'),
('PMD', 'Product Management & Development', 'MAC'),
('PRC', 'Public Relations & Corporate Affairs', 'MAC'),
('TRM', 'Trade Marketing', 'MAC'),
('OTR', 'Others', 'MAC'),

-- Mining, Resources & Energy
('ANR', 'Analysis & Reporting', 'MRE'),
('HSE', 'Health, Safety & Environment', 'MRE'),
('MGT', 'Management', 'MRE'),
('MDB', 'Mining - Drill & Blast', 'MRE'),
('MEM', 'Mining - Engineering & Maintenance', 'MRE'),
('MEG', 'Mining - Exploration & Geoscience', 'MRE'),
('MOP', 'Mining - Operations', 'MRE'),
('MPR', 'Mining - Processing', 'MRE'),
('NRW', 'Natural Resources & Water', 'MRE'),
('ODR', 'Oil & Gas - Drilling', 'MRE'),
('OEM', 'Oil & Gas - Engineering & Maintenance', 'MRE'),
('OEG', 'Oil & Gas - Exploration & Geoscience', 'MRE'),
('OOP', 'Oil & Gas - Operations', 'MRE'),
('OPR', 'Oil & Gas - Production & Refinement', 'MRE'),
('PGD', 'Power Generation & Distribution', 'MRE'),
('SVY', 'Surveying', 'MRE'),
('OTR', 'Others', 'MRE'),

-- Real Estate & Property
('ADM', 'Administration', 'RES'),
('ANL', 'Analysts', 'RES'),
('BCF', 'Body Corporate & Facilities Management', 'RES'),
('CSL', 'Commercial Sales, Leasing & Property Management', 'RES'),
('REL', 'Residential Leasing & Property Management', 'RES'),
('RES', 'Residential Sales', 'RES'),
('RPD', 'Retail & Property Development', 'RES'),
('VAL', 'Valuation', 'RES'),
('OTR', 'Others', 'RES'),

-- Retail & Consumer Products
('BYN', 'Buying', 'RET'),
('MAM', 'Management - Area/Multi-site', 'RET'),
('MDA', 'Management - Department/Assistant', 'RET'),
('MST', 'Management - Store', 'RET'),
('MER', 'Merchandisers', 'RET'),
('PLN', 'Planning', 'RET'),
('REA', 'Retail Assistants', 'RET'),
('OTR', 'Others', 'RET'),

-- Sales
('ARM', 'Account & Relationship Management', 'SAL'),
('ANR', 'Analysis & Reporting', 'SAL'),
('MGT', 'Management', 'SAL'),
('NBD', 'New Business Development', 'SAL'),
('SAC', 'Sales Coordinators', 'SAL'),
('SRC', 'Sales Representatives/Consultants', 'SAL'),
('OTR', 'Others', 'SAL'),

-- Science & Technology
('BIB', 'Biological & Biomedical Sciences', 'SCT'),
('BIG', 'Biotechnology & Genetics', 'SCT'),
('CHP', 'Chemistry & Physics', 'SCT'),
('EEG', 'Environmental, Earth & Geosciences', 'SCT'),
('FTS', 'Food Technology & Safety', 'SCT'),
('LAB', 'Laboratory & Technical Services', 'SCT'),
('MAS', 'Materials Sciences', 'SCT'),
('MAI', 'Mathematics, Statistics & Information Sciences', 'SCT'),
('MOS', 'Modelling & Simulation', 'SCT'),
('QAC', 'Quality Assurance & Control', 'SCT'),
('OTR', 'Others', 'SCT'),

-- Self Employment
('SEM', 'Self Employment', 'SEM'),

-- Sport & Recreation
('COI', 'Coaching & Instruction', 'SPR'),
('FPT', 'Fitness & Personal Training', 'SPR'),
('MGT', 'Management', 'SPR'),
('OTR', 'Others', 'SPR'),

-- Trades & Services
('ACR', 'Air Conditioning & Refrigeration', 'TRS'),
('AUT', 'Automotive Trades', 'TRS'),
('BKR', 'Bakers & Pastry Chefs', 'TRS'),
('BUT', 'Building Trades', 'TRS'),
('BCH', 'Butchers', 'TRS'),
('CAM', 'Carpentry & Cabinet Making', 'TRS'),
('CLN', 'Cleaning Services', 'TRS'),
('ELC', 'Electricians', 'TRS'),
('FTM', 'Fitters, Turners & Machinists', 'TRS'),
('FLR', 'Floristry', 'TRS'),
('GAL', 'Gardening & Landscaping', 'TRS'),
('HBS', 'Hair & Beauty Services', 'TRS'),
('LBR', 'Labourers', 'TRS'),
('LCK', 'Locksmiths', 'TRS'),
('MHS', 'Maintenance & Handyperson Services', 'TRS'),
('NAB', 'Nannies & Babysitters', 'TRS'),
('PSW', 'Painters & Sign Writers', 'TRS'),
('PLM', 'Plumbers', 'TRS'),
('PPS', 'Printing & Publishing Services', 'TRS'),
('SES', 'Security Services', 'TRS'),
('TAD', 'Tailors & Dressmakers', 'TRS'),
('TEC', 'Technicians', 'TRS'),
('WEB', 'Welders & Boilermakers', 'TRS'),
('OTR', 'Others', 'TRS');

INSERT INTO jobs (job_id, job_title, description, salary_range_start, salary_range_end, close_date, industry_id, job_function_id, job_subfunction_id, location, status, employment_type) VALUES
('AER_ENG_001', 'Aerospace Engineer', 'Design and test aircraft systems.', 80000.00, 120000.00, '2025-06-30', 'AER', 'ENG', 'PRJ', 'Bangkok', 'active', 'permanent'),
('AUT_SAL_002', 'Automotive Sales Representative', 'Sell vehicles and provide customer support.', 40000.00, 70000.00, '2025-07-15', 'AUT', 'SAL', 'SRC', 'Chiang Mai', 'active', 'permanent'),
('APF_MAC_003', 'Marketing Coordinator', 'Develop marketing campaigns for apparel.', 45000.00, 65000.00, '2025-08-01', 'APF', 'MAC', 'MAC', 'Phuket', 'prioritized', 'permanent'),
('CHE_SCT_004', 'Chemical Analyst', 'Analyze chemical compounds for safety.', 60000.00, 85000.00, '2025-06-20', 'CHE', 'SCT', 'CHP', 'Rayong', 'active', 'contract'),
('COS_MAC_005', 'Brand Manager', 'Manage cosmetics brand identity.', 70000.00, 100000.00, '2025-07-10', 'COS', 'MAC', 'BRM', 'Nonthaburi', 'active', 'permanent'),
('ELC_ICT_006', 'Software Developer', 'Develop firmware for electronics.', 90000.00, 130000.00, '2025-06-25', 'ELC', 'ICT', 'DEV', 'Chon Buri', 'prioritized', 'permanent'),
('FOB_RET_007', 'Store Manager', 'Manage retail operations for food store.', 50000.00, 75000.00, '2025-07-05', 'FOB', 'RET', 'MST', 'Khon Kaen', 'active', 'permanent'),
('FUR_CON_008', 'Construction Supervisor', 'Oversee furniture manufacturing facility.', 65000.00, 90000.00, '2025-06-15', 'FUR', 'CON', 'FOS', 'Samut Prakan', 'active', 'contract'),
('IME_ENG_009', 'Maintenance Engineer', 'Maintain industrial machinery.', 70000.00, 95000.00, '2025-07-20', 'IME', 'ENG', 'MAE', 'Ayutthaya', 'active', 'permanent'),
('JRY_ADM_010', 'Creative Designer', 'Design jewelry marketing materials.', 55000.00, 80000.00, '2025-06-30', 'JRY', 'ADM', 'ARD', 'Hat Yai', 'active', 'permanent'),
('LAP_MAC_011', 'Marketing Assistant', 'Support packaging marketing efforts.', 40000.00, 60000.00, '2025-07-01', 'LAP', 'MAC', 'MAC', 'Nakhon Ratchasima', 'active', 'temporary'),
('MED_HEM_012', 'Registered Nurse', 'Provide patient care in hospital.', 60000.00, 90000.00, '2025-06-20', 'MED', 'HEM', 'NGM', 'Pattaya', 'prioritized', 'permanent'),
('AER_ICT_014', 'Network Engineer', 'Maintain aerospace IT networks.', 85000.00, 110000.00, '2025-06-25', 'AER', 'ICT', 'ENN', 'Udon Thani', 'active', 'permanent'),
('AUT_ACC_015', 'Financial Analyst', 'Analyze automotive financial data.', 65000.00, 90000.00, '2025-07-15', 'AUT', 'ACC', 'ANR', 'Surat Thani', 'active', 'permanent'),
('APF_RET_016', 'Retail Assistant', 'Assist customers in apparel store.', 30000.00, 45000.00, '2025-06-30', 'APF', 'RET', 'REA', 'Nakhon Si Thammarat', 'active', 'temporary'),
('CHE_ENG_017', 'Process Engineer', 'Optimize chemical production processes.', 75000.00, 100000.00, '2025-07-05', 'CHE', 'ENG', 'PRE', 'Saraburi', 'active', 'permanent'),
('COS_SAL_018', 'Sales Consultant', 'Promote cosmetics to retailers.', 40000.00, 65000.00, '2025-06-20', 'COS', 'SAL', 'SRC', 'Krabi', 'active', 'contract'),
('ELC_ENG_019', 'Design Engineer', 'Design electronic components.', 80000.00, 115000.00, '2025-07-10', 'ELC', 'ENG', 'DEE', 'Samut Sakhon', 'prioritized', 'permanent'),
('FOB_HOT_020', 'Chef', 'Prepare food in restaurant.', 45000.00, 70000.00, '2025-06-15', 'FOB', 'HOT', 'CHF', 'Ubon Ratchathani', 'active', 'permanent'),
('FUR_AOS_021', 'Administrative Assistant', 'Support furniture office operations.', 35000.00, 50000.00, '2025-07-01', 'FUR', 'AOS', 'ADA', 'Lampang', 'active', 'temporary'),
('IME_MTL_022', 'Machine Operator', 'Operate industrial machinery.', 40000.00, 60000.00, '2025-06-25', 'IME', 'MTL', 'MAO', 'Phitsanulok', 'active', 'contract'),
('JRY_SAL_023', 'Account Manager', 'Manage jewelry client accounts.', 60000.00, 85000.00, '2025-07-05', 'JRY', 'SAL', 'ARM', 'Songkhla', 'active', 'permanent'),
('LAP_CON_024', 'Project Manager', 'Oversee packaging projects.', 70000.00, 95000.00, '2025-06-30', 'LAP', 'CON', 'PRM', 'Chachoengsao', 'active', 'permanent'),
('MED_SCT_025', 'Lab Technician', 'Conduct medical lab tests.', 50000.00, 75000.00, '2025-07-15', 'MED', 'SCT', 'LAB', 'Nakhon Pathom', 'active', 'permanent'),
('MET_TRS_026', 'Electrician', 'Install electrical systems in metalwork.', 45000.00, 65000.00, '2025-06-20', 'MET', 'TRS', 'ELC', 'Ratchaburi', 'active', 'contract'),
('AER_ACC_027', 'Payroll Specialist', 'Manage aerospace payroll.', 50000.00, 70000.00, '2025-07-01', 'AER', 'ACC', 'PRL', 'Sukhothai', 'active', 'permanent'),
('AUT_HRR_028', 'HR Coordinator', 'Support automotive HR processes.', 45000.00, 65000.00, '2025-06-25', 'AUT', 'HRR', 'COG', 'Trang', 'active', 'temporary'),
('APF_DEA_029', 'Fashion Designer', 'Design apparel products.', 60000.00, 90000.00, '2025-07-10', 'APF', 'DEA', 'FTD', 'Phuket', 'prioritized', 'permanent'),
('CHE_MRE_030', 'Environmental Specialist', 'Ensure compliance in chemical operations.', 65000.00, 85000.00, '2025-06-30', 'CHE', 'MRE', 'HSE', 'Pathum Thani', 'active', 'permanent');

SELECT * FROM job_subfunctions;

INSERT INTO cvs (user_id, cv_url, cv_title, status) VALUES
(1, '/cvs/1/2', 'GAMING CV', 'active');

INSERT INTO job_applications (job_id, user_id, cv_id, status) VALUES
('AER_ENG_001', 1, 3, 'hired');